id,subject,location,start_time,end_time,entity_id,organizer_id,status
2,Demo Fund Name A,2F-G30,2018-01-30 10:00:00,2018-01-30 11:00:00,4,3,1
3,Demo Fund B,2F-K30,2018-01-31 10:00:00,2018-01-31 11:00:00,5,3,1
4,Demo Fund C,2F-I29,2018-02-01 10:00:00,2018-02-02 11:00:00,6,3,1
5,Demo Fund D,2F-I29,2018-02-01 10:00:00,2018-02-02 11:00:00,7,3,1
6,Demo Fund E,2F-I29,2018-02-01 10:00:00,2018-02-02 11:00:00,8,3,1
7,Demo Fund F,2F-I29,2018-02-01 10:00:00,2018-02-02 11:00:00,9,3,1
8,Demo Fund G,2F-I29,2018-02-01 10:00:00,2018-02-02 11:00:00,10,3,1
1,Demo Fund Large Cap Growth Active Fund,2F-G30,2018-03-29 10:00:00,2018-03-29 11:00:00,3,3,1
9,Demo Fund,2F-I29,2018-02-01 10:00:00,2018-02-02 11:00:00,33,3,1
